#,### MEDIUM CUBES ###,,,,,,,,,,,,,,
#,T1 Cube Medium,227205318,,Medium_Cube.blend,RC_Cube,,,,,,,,,,
#,T1 Edge Medium,227917916,,Medium_Edge.blend,RC_Prism,,,,,,,,,,
#,T1 Corner Medium,1931676396,,Medium_Corner.blend,RC_Tetra,,,,,,,,,,
#,T1 Inner Medium,3559488176,,Medium_Inner.blend,RC_Inner,,,,,,,,,,
#,T1 Edge Round Medium,447126572,,Medium_Edge_Round.blend,RC_Prism_Round,,,,,,,,,,
#,T1 Corner Round Medium,2589418111,,Medium_Corner_Round.blend,RC_Tetra_Round,,,,,,,,,,
#,T1 Inner Round Medium,1837286858,,Medium_Inner_Round.blend,RC_Inner_Round,,,,,,,,,,
#,T1 Edge Slope Medium,1538778047,,Medium_Edge_Slope.blend,RC_Edge_Slope,,,,,,,,,,
#,T1 Corner Slope Medium,557016830,,Medium_Corner_Slope.blend,RC_Corner_Slope,,,,,,,,,,
#,T1 Inner Slope Medium,495400745,,Medium_Inner_Slope.blend,RC_Inner_Slope,,,,,,,,,,
#,T1 Cone Medium,1352234106,,Medium_Cone.blend,RC_Cone,,,,,,,,,,
#,T1 Pyramid Medium,2686602224,,Medium_Pyramid.blend,RC_Pyramid,,,,,,,,,,
#,T1 Cube Medium with C6 Logo,3367514907,,Medium_Cube_Carbon6_Logo.blend,RC_Cube_MK2_Flat,,,,,,,,,,
#,T1 Cube Medium with CARBON Letters,2392661891,,Medium_Cube_Carbon6_Letters.blend,RC_Cube_MK2_Flat,,,,,,,,,,
#,T1 Cube Cardboard,2077855120,,Medium_Cube_Cardlife.blend,RC_Cube,,,,,,,,,,
#,T1 Edge Cardboard,348383505,,Medium_Edge_Cardlife.blend,RC_Prism_Cardlife,,,,,,,,,,
#,### HEAVY CUBES ###,,,,,,,,,,,,,,
#,T2 Cube Heavy,123901970,,Heavy_Cube.blend,RC_Cube,,,,,,,,,,
#,T2 Edge Heavy,1225928721,,Heavy_Edge.blend,RC_Prism,,,,,,,,,,
#,T2 Corner Heavy,222074329,,Heavy_Corner.blend,RC_Tetra,,,,,,,,,,
#,T2 Inner Heavy,2577871627,,Heavy_Inner.blend,RC_Inner,,,,,,,,,,
#,T2 Edge Round Heavy,368051733,,Heavy_Edge_Round.blend,RC_Prism_Round,,,,,,,,,,
#,T2 Corner Round Heavy,2148353926,,Heavy_Corner_Round.blend,RC_Tetra_Round,,,,,,,,,,
#,T2 Inner Round Heavy,665761850,,Heavy_Inner_Round.blend,RC_Inner_Round,,,,,,,,,,
#,T2 Edge Slope Heavy,1334508924,,Heavy_Edge_Slope.blend,RC_Edge_Slope,,,,,,,,,,
#,T2 Corner Slope Heavy,3665280239,,Heavy_Corner_Slope.blend,RC_Corner_Slope,,,,,,,,,,
#,T2 Inner Slope Heavy,2111062867,,Heavy_Inner_Slope.blend,RC_Inner_Slope,,,,,,,,,,
#,T2 Cone Heavy,3886136035,,Heavy_Cone.blend,RC_Cone,,,,,,,,,,
#,T2 Pyramid Heavy,4184274974,,Heavy_Pyramid.blend,RC_Pyramid,,,,,,,,,,
#,### LIGHT CUBES ###,,,,,,,,,,,,,,
#,T2 Cube Light,1972224393,,Light_Cube.blend,RC_Cube,,,,,,,,,,
#,T2 Edge Light,4157111053,,Light_Edge.blend,RC_Prism,,,,,,,,,,
#,T2 Corner Light,1347255791,,Light_Corner.blend,RC_Tetra,,,,,,,,,,
#,T2 Inner Light,1941682825,,Light_Inner.blend,RC_Inner,,,,,,,,,,
#,T2 Edge Round Light,1993583577,,Light_Edge_Round.blend,RC_Prism_Round,,,,,,,,,,
#,T2 Corner Round Light,582052348,,Light_Corner_Round.blend,RC_Tetra_Round,,,,,,,,,,
#,T2 Inner Round Light,1578378954,,Light_Inner_Round.blend,RC_Inner_Round,,,,,,,,,,
#,T2 Edge Slope Light,3093572869,,Light_Edge_Slope.blend,RC_Edge_Slope,,,,,,,,,,
#,T2 Corner Slope Light,3959877408,,Light_Corner_Slope.blend,RC_Corner_Slope,,,,,,,,,,
#,T2 Inner Slope Light,2426642454,,Light_Inner_Slope.blend,RC_Inner_Slope,,,,,,,,,,
#,T2 Cone Light,1422041599,,Light_Cone.blend,RC_Cone,,,,,,,,,,
#,T2 Pyramid Light,885415789,,Light_Pyramid.blend,RC_Pyramid,,,,,,,,,,
#,### COMPACT CUBES ###,,,,,,,,,,,,,,
#,T5 Compact Cube,1576857358,,Compact_Cube.blend,RC_Cube,,,,,,,,,,
#,T5 Compact Edge,327960333,,Compact_Edge.blend,RC_Prism,,,,,,,,,,
#,T5 Compact Corner,126353766,,Compact_Corner.blend,RC_Tetra,,,,,,,,,,
#,T5 Compact Inner,2378018821,,Compact_Inner.blend,RC_Inner,,,,,,,,,,
#,T5 Compact Edge Round,676446887,,Compact_Edge_Round.blend,RC_Prism_Round,,,,,,,,,,
#,T5 Compact Corner Round,1728084091,,Compact_Corner_Round.blend,RC_Tetra_Round,,,,,,,,,,
#,T5 Compact Inner Round,925214026,,Compact_Inner_Round.blend,RC_Inner_Round,,,,,,,,,,
#,T5 Compact Edge Slope,1915435470,,Compact_Edge_Slope.blend,RC_Edge_Slope,,,,,,,,,,
#,T5 Compact Corner Slope,1881278783,,Compact_Corner_Slope.blend,RC_Corner_Slope,,,,,,,,,,
#,T5 Compact Inner Slope,1834966563,,Compact_Inner_Slope.blend,RC_Inner_Slope,,,,,,,,,,
#,T5 Compact Cone,1979640496,,Compact_Cone.blend,RC_Cone,,,,,,,,,,
#,T5 Compact Pyramid,979123471,,Compact_Pyramid.blend,RC_Pyramid,,,,,,,,,,
#,### GLASS CUBES ###,,,,,,,,,,,,,,
#,T1 Glass Cube,3327812742,,Glass_Cube.blend,glass_cube,glass_cube_frame,,,,,,,,,
#,T1 Glass Edge,4235300269,,Glass_Edge.blend,Glass_Edge,Glass_Edge_frame,,,,,,,,,
#,T1 Glass Corner,1094997616,,Glass_Corner.blend,Glass_corner,Glass_corner_frame,,,,,,,,,
#,T1 Glass Inner,445857183,,Glass_Inner.blend,glass_inner,glass_inner_frame,,,,,,,,,
#,T1 Glass Edge Round,3629216992,,Glass_Edge_Round.blend,Glass_RoundEdge,Glass_RoundEdge_frame,,,,,,,,,
#,T1 Glass Corner Round,2380494106,,Glass_Corner_Round.blend,Glass_RoundCorner,Glass_RoundCorner_frame,,,,,,,,,
#,T1 Glass Inner Round,3066776961,,Glass_Inner_Round.blend,glass_RoundInner,glass_RoundInner_frame,,,,,,,,,
#,### NEON CUBES ###,,,,,,,,,,,,,,
#,T1 Neon Cube,150161008,,Neon_Cube.blend,RC_Cube,,,,,,,,,,
#,T1 Neon Edge,1183051379,,Neon_Edge.blend,RC_Prism,,,,,,,,,,
#,T1 Neon Corner,2333317284,,Neon_Corner.blend,RC_Tetra,,,,,,,,,,
#,T1 Neon Inner,1616217456,,Neon_Inner.blend,RC_Inner,,,,,,,,,,
#,T1 Neon Edge Round,2623263862,,Neon_Edge_Round.blend,RC_Prism_Round,,,,,,,,,,
#,T1 Neon Corner Round,3195590950,,Neon_Corner_Round.blend,RC_Tetra_Round,,,,,,,,,,
#,T1 Neon Inner Round,1774712137,,Neon_Inner_Round.blend,RC_Inner_Round,,,,,,,,,,
#,T1 Neon Edge Slope,3324063519,,Neon_Edge_Slope.blend,RC_Edge_Slope,,,,,,,,,,
#,T1 Neon Corner Slope,3825345103,,Neon_Corner_Slope.blend,RC_Corner_Slope,,,,,,,,,,
#,T1 Neon Inner Slope,868027936,,Neon_Inner_Slope.blend,RC_Inner_Slope,,,,,,,,,,
#,T1 Neon Cone,552682446,,Neon_Cone.blend,RC_Cone,,,,,,,,,,
#,T1 Neon Pyramid,3447434946,,Neon_Pyramid.blend,RC_Pyramid,,,,,,,,,,
#,### RETRO CUBES ###,,,,,,,,,,,,,,
#,T1 Retro Cube,183067052,,Retro_Cube.blend,RC_Cube,,,,,,,,,,
#,T1 Retro Edge,1150929327,,Retro_Edge.blend,RC_Prism,,,,,,,,,,
#,T1 Retro Corner,1387792676,,Retro_Corner.blend,RC_Tetra,,,,,,,,,,
#,T1 Retro Inner,3985049715,,Retro_Inner.blend,RC_Inner,,,,,,,,,,
#,### HELIUM CUBES ###,,,,,,,,,,,,,,
#,Helium,3226650954,,T2_Helium.blend,RC_Helium_Armor_5,,,,,,,,,,
#,### RODS ###,,,,,,,,,,,,,,
#,T2 Rod,1818686721,,Rod.blend,Airframe_3,,,,,,,,,,
#,T2 Rod Short,1312806203,,Rod_Short.blend,Rod_Short,,,,,,,,,,
#,T2 Rod Long,3489647384,,Rod_Long.blend,Airframe_5,,,,,,,,,,
#,T2 Rod Arc,2454932271,,Rod_Arc.blend,Airframe_3Corner,,,,,,,,,,
#,T2 Rod Arc Short,3568811832,,Rod_Arc_Short.blend,Rod_Arc_Short,,,,,,,,,,
#,T2 Rod Diagonal 2d,394503911,,Rod_Diagonal_2D.blend,Rod_Diagonal_2D,,,,,,,,,,
#,T2 Rod Diagonal 2d Short,1316425218,,Rod_Diagonal_Short.blend,Rod_Diagonal_Short,,,,,,,,,,
#,T2 Rod Diagonal 3d,3705632066,,Rod_Diagonal_3D.blend,Rod_Diagonal_3D,,,,,,,,,,
#,T2 Rod Plus,1750720388,,Rod_Plus.blend,Rod_Plus,,,,,,,,,,
#,T2 Rod Frame,651695911,,Rod_Skewed_Plus.blend,Rod_Skewed_Plus,,,,,,,,,,
#,T2 Rod Cross,4265819694,,Rod_Cross.blend,Rod_Cross,,,,,,,,,,
#,T2 Rod Long Spring,1051732041,,Rod_Long_Spring.blend,Rod_Long_Spring,,,,,,,,,,
#,T2 Rod_Short Spring,2828600518,,Rod_Short_Spring.blend,Rod_Short_Spring,,,,,,,,,,
#,T2 Rod Spring,3950939011,,Rod_Spring.blend,Rod_Spring,,,,,,,,,,
#,### STRUTS ###,,,,,,,,,,,,,,
#,T3 Strut,4262490755,,Strut.blend,strut_short,,,,,,,,,,
#,T3 Strut Short,1648206355,,Strut_Short.blend,Strut_Short,,,,,,,,,,
#,T3 Strut Long,3084940372,,Strut_Long.blend,strut_long,,,,,,,,,,
#,T3 Strut Arc,743433251,,Strut_Arc.blend,strut_arc,,,,,,,,,,
#,T3 Strut Arc Short,4206005137,,Strut_Arc_Short.blend,Strut_Arc_Short,,,,,,,,,,
#,T3 Strut Slice,2126360617,,Strut_Slice.blend,strut_slice,,,,,,,,,,
#,T3 Strut Slice Short,2608938070,,Strut_Slice_Short.blend,Strut_Slice_Short,,,,,,,,,,
#,T3 Strut Ramp,3999885169,,Strut_Ramp.blend,strut_ramp,,,,,,,,,,
#,T3 Strut Ramp Short,3903776284,,Strut_Ramp_Short.blend,Strut_Ramp_Short,,,,,,,,,,
#,T3 Strut Diagonal 2d,14694903,,Strut_Diagonal_2D.blend,strut_diagonal_2D,,,,,,,,,,
#,T3 Strut Diagonal 2d Short,3562021587,,Strut_Diagonal_Short.blend,Strut_Diagonal_Short,,,,,,,,,,
#,T3 Strut Plus,511164535,,Strut_Plus.blend,Strut_Plus,,,,,,,,,,
#,T3 Strut Cross,787409845,,Strut_Cross.blend,Strut_Cross,,,,,,,,,,
#,T3 Strut Skewed Plus,1521447199,,Strut_Skewed_Plus.blend,Strut_Skewed_Plus,,,,,,,,,,
#,T3 Strut Diagonal 3d Right,2002864041,,Strut_Diagonal_3D_Right.blend,strut_diagonal_3D_right,,,,,,,,,,
#,T3 Strut Diagonal 3d Left,2028802540,,Strut_Diagonal_3D_Left.blend,strut_diagonal_3D,,,,,,,,,,
#,T3 Strut Diagonal 3d Right Short,3923036903,,Strut_Diagonal_3D_Short_Right.blend,Strut_Diagonal_3D_Short_Right,,,,,,,,,,
#,T3 Strut Diagonal 3d Left Short,1319987665,,Strut_Diagonal_3D_Short_Left.blend,Strut_Diagonal_3D_Short_Left,,,,,,,,,,
#,### WHEELS ###,,,,,,,,,,,,,,
#,T0 Wheel,1810876016,,T0_Wheel_Steam.blend,Wheel_L1Powered_straight_arrow,Wheel_Straight_Tiny_Base,wheel_straight_tiny_suspension,wheel_straight_tiny_wheel,,,,,,,
#,T0 Steering Wheel,932552373,,T0_Steering_Wheel_Steam.blend,Wheel_L1_steer_arrow,Wheel_L1Powered_straight_arrow,Wheel_Steer_Tiny_Base,wheel_steer_tiny_suspension,wheel_steer_tiny_wheel,,,,,,
#,T1 Wheel,4172855773,,T1_Wheel_Steam.blend,Wheel_L1Powered_straight_arrow,Wheel_Straight_Small_Base,wheel_straight_small_suspension,wheel_straight_small_wheel,,,,,,,
#,T1 Steering Wheel,169839823,,T1_Steering_Wheel_Steam.blend,Wheel_L2_steer_arrow,Wheel_L1Powered_straight_arrow,Wheel_Steer_Small_Base,wheel_steer_small_suspension,wheel_steer_small_wheel,,,,,,
#,T2 Wheel,2924196438,,T2_Wheel.blend,Wheel_L1Powered_straight_arrow,Wheel_Straight_Medium_Base,wheel_straight_medium_suspension,wheel_straight_medium_wheel,,,,,,,
#,T2 Steering Wheel,2958657062,,T2_Steering_Wheel.blend,Wheel_L1Powered_straight_arrow,Wheel_L3_steer_arrow,Wheel_Steer_Medium_Base,wheel_steer_medium_suspension,wheel_steer_medium_wheel,,,,,,
#,T3 Wheel,3028949761,,T3_Wheel.blend,Wheel_L1Powered_straight_arrow,Wheel_Straight_Large_Base,wheel_straight_large_suspension,wheel_straight_large_wheel,,,,,,,
#,T3 Steering Wheel,1177366035,,T3_Steering_Wheel.blend,Wheel_L1Powered_straight_arrow,Wheel_L4_steer_arrow,Wheel_Steer_Large_Base,wheel_steer_large_suspension,wheel_steer_large_wheel,,,,,,
#,T4 Wheel,1223384335,,T4_Wheel.blend,Wheel_L1Powered_straight_arrow,Wheel_Straight_Huge_Base,wheel_straight_huge_suspension,wheel_straight_huge_wheel,,,,,,,
#,T4 Steering Wheel,345048522,,T4_Steering_Wheel.blend,Wheel_L1Powered_straight_arrow,Wheel_L5_steer_arrow,Wheel_Steer_Huge_Base,wheel_steer_huge_suspension,wheel_steer_huge_wheel,,,,,,
#,T4 Wheel Cardboard,2105254905,,T4_Wheel_Cardlife_Steam.blend,Wheel_L1Powered_straight_arrow,Wheel_Straight_Huge_Base_Cardlife,wheel_Straight_huge_suspension_Cardlife,Wheel_Straight_Huge_Wheel_Cardlife,,,,,,,
#,T4 Steering Wheel Cardboard,32187483,,T4_Steering_Wheel_Cardlife_Steam.blend,Wheel_L1Powered_straight_arrow,Wheel_L5_steer_arrow,Wheel_Steer_Huge_Base_Cardlife,wheel_Steer_huge_suspension_Cardlife,Wheel_Steer_Huge_Wheel_Cardlife,,,,,,
#,T5 Wheel,3301162279,,T5_Wheel.blend,polySurface2,RC_Wheel_Straight_TX1_Base,RC_Wheel_Straight_TX1_Suspension,RC_Wheel_Straight_TX1_Wheel,,,,,,,
#,T5 Steering Wheel,48208435,,T5_Steering_Wheel.blend,polySurface2,polySurface4,RC_Wheel_TX1_Base,RC_Wheel_TX1_Suspension,RC_Wheel_TX1_Wheel,,,,,,
#,T5 Wheel Golden,2305706992,,T5_Wheel_Gold_Steam.blend,polySurface2,RC_Wheel_Straight_TX1_Base,RC_Wheel_Straight_TX1_Suspension,RC_Wheel_Straight_TX1_Wheel,,,,,,,
#,T5 Steering Wheel Golden,3546777424,,T5_Steering_Wheel_Gold_Steam.blend,polySurface2,polySurface4,RC_Wheel_TX1_Base,RC_Wheel_TX1_Suspension,RC_Wheel_TX1_Wheel,,,,,,
#,### TANK TRACKS ###,,,,,,,,,,,,,,
#,T1 Tank Track,4050988656,,T1_Tank_Track.blend,armLeft,armRight,RC_Cube_TankTrack_T1,wheelLeft,wheelRight,track955926204301253857,,,,,
#,T2 Tank Track,1691117057,,T2_Tank_Track.blend,armLeft,armRight,RC_Cube_TankTrack_T3,wheelLeft,wheelRight,track117358306081758985,,,,,
#,T3 Tank Track,184017928,,T3_Tank_Track.blend,leftArm,RC_Cube_TankTrack_T5,rightArm,wheel_bottomMiddle,wheelLeft,wheelTopLeft,wheelTopRight,wheeRight,track4090625526010451927,,
#,T4 Tank Track,5728820,,T4_Tank_Track.blend,leftArm,RC_Cube_TankTrack_T7,rightArm,wheelBottomLeft,wheelBottomRight,wheelLeft,wheelRight,wheelTopLeft,wheelTopRight,track7234373336728943508,
#,T5 Tank Track,431289744,,T5_Tank_Track.blend,leftArm,RC_Cube_TankTrack_T9,rightArm,wheelBottomLeft,wheelBottomMiddle,wheelBottomRight,wheelLeft,wheelRight,wheelTopLeft,wheelTopRight,track4576748350366831835
#,### MECH LEGS ###,,,Arrows included with the mech legs?,,,,,,,,,,,
#,T0 Mech Leg,3066502430,,T0_Mech_Leg_Steam.blend,M1_Base,M1_foot,M1_leg1,M1_leg2,M1_leg3,,,,,,
#,T1 Mech Leg,76192516,,T1_Mech_Leg.blend,M3_Base,M3_foot,M3_leg1,M3_leg2,M3_leg3,,,,,,
#,T2 Mech Leg,1789991181,,T2_Mech_Leg.blend,M5_Base,M5_foot,M5_leg1,M5_leg2,M5_leg3,,,,,,
#,T3 Mech Leg,1611765553,,T3_Mech_Leg.blend,M7_Base,M7_foot,M7_leg1,M7_leg2,M7_leg3,,,,,,
#,T4 Mech Leg,2452579137,,T4_Mech_Leg.blend,M9_base,M9_foot,M9_leg1,M9_leg2,M9_leg3,,,,,,
#,T5 Mech Leg,4140335767,,T5_Mech_Leg_Steam.blend,MX_base,MX_foot,MX_leg1,MX_leg2,MX_leg3,,,,,,
#,T5 Mech Leg Golden,3660410821,,T5_Mech_Leg_Gold_Steam.blend,MX_base,MX_foot,MX_leg1,MX_leg2,MX_leg3,,,,,,
#,### SPRINTER LEGS ###,,,,,,,,,,,,,,
#,T3 Sprinter Leg,3345472872,,T3_Sprinter_Leg.blend,feet,legRotateSide,lowerleg,pipe,sprinterBase_small,toe,upperleg,SprinterLeg_Small_arrows,,,
#,T4 Sprinter Leg,1169080311,,T4_Sprinter_Leg.blend,feet,legRotateSide,lowerleg,pipe,sprinterBase,toe,upperleg,SprinterLeg_Large_arrows,,,
#,T4 Sprinter Leg Carbon 6,2474131397,,T4_Sprinter_Leg_Carbon6.blend,feet,legRotateSide,lowerleg,sprinterleg_large_carbon_6,toe,upperleg,SprinterLeg_Large_arrows,,,,
#,### INSECT LEGS ###,,,,,,,,,,,,,,
#,T3 Insect Leg,127661231,,T3_Insect_Leg.blend,Legs_Foot_T7,Legs_LowerLimb_T7,Legs_shoulder_T7,Legs_T7,Legs_UpperLimb_T7,,,,,,
#,T4 Insect Leg,1668760037,,T4_Insect_Leg.blend,Legs_Foot_T9,Legs_LowerLimb_T9,Legs_Shoulder_T9,Legs_T9,Legs_UpperLimb_T9,,,,,,
#,T3 Insect Leg Blade,2671394050,,T3_Insect_Leg_Blade.blend,Overwolf_Legs_Foot_T7,Overwolf_Legs_LowerLimb_T7,Overwolf_Legs_Shoulder_T7,Overwolf_Legs_T7,Overwolf_Legs_UpperLimb_T7,,,,,,
#,T4 Insect Leg Spider,875393229,,T4_Insect_Leg_Spider.blend,Legs_LowerLimb_T9,Legs_Shoulder_T9,Legs_T9,Legs_UpperLimb_T9,Legs_Foot_T9,,,,,,
#,### SKIES ###,,,,,,,,,,,,,,
#,T2 Steering Ski,3080624795,,T2_Steering_Ski.blend,Skid_Steering_Hinge,Skid_Steering_Skid,Skid_Steering_Suspension,Skid_Steering_T5,,,,,,,
#,T2 Ski,347391203,,T2_Ski.blend,Skid_Static_Hinge,Skid_Static_Ski,Skid_Static_Suspension,Skid_Static_T5,,,,,,,
#,### HOVERS ###,,,,,,,,,,,,,,
#,T0 Hover,1851713730,,T0_Hover_Steam.blend,RC_HoverBlade_T1_Blade,RC_HoverBlade_T1_Body,,,,,,,,,
#,T1 Hover,3170960304,,T1_Hover_Steam.blend,RC_HoverBlade_T3_Blades,RC_HoverBlade_T3_Body,,,,,,,,,
#,T2 Hover,1639979618,,T2_Hover_Steam.blend,RC_HoverBlade_T5_Blades,RC_HoverBlade_T5_Body,,,,,,,,,
#,T3 Hover,465491285,,T3_Hover_Steam.blend,RC_HoverBlade_T7_Blades,RC_HoverBlade_T7_Body,,,,,,,,,
#,T4 Hover,3347041415,,T4_Hover_Steam.blend,RC_HoverBlade_T9_Blades,RC_HoverBlade_T9_Body,,,,,,,,,
#,T5 Hover,3835205776,,T5_Hover_Steam.blend,Mega_Hover_Blade,Mega_Hover_TX1,,,,,,,,,
#,T5 Hover Golden,2217471839,,T5_Hover_Gold_Steam.blend,Mega_Hover_Blade,Mega_Hover_TX1,,,,,,,,,
#,### ROTORS ###,,,,,,,,,,,,,,
#,T2 Rotor,3947193935,,T2_Rotor.blend,Heli_Base_5,Heli_blades_5,Heli_Arrow_T6,,,,,,,,
#,T3 Rotor,3789940851,,T3_Rotor.blend,Heli_Base_7,Heli_blades_7,Heli_Arrow_T8,,,,,,,,
#,T4 Rotor,1802864184,,T4_Rotor.blend,Heli_Base_9,Heli_blades_9,Heli_Arrow_T10,,,,,,,,
#,### WINGS ###,,,,,,,,,,,,,,
#,T2 Wing,3980928804,,T2_Wing_Steam.blend,Wing_Hawk_Arrow,Wing_Hawk_Base,Wing_Hawk_Tip,,,,,,,,
#,T3 Wing,2205394221,,T3_Wing_Steam.blend,Wing_Falcon_Arrow,Wing_Falcon_Base,Wing_Falcon_Tip,,,,,,,,
#,T4 Wing,2312317713,,T4_Wing_Steam.blend,Wing_Eagle_Arrow,Wing_Eagle_Base,Wing_Eagle_Tip,,,,,,,,
#,T5 Wing,2464192350,,T5_Wing_Steam.blend,Wing_Albatross_Arrow,Wing_Albatross_Base,Wing_Albatross_Tip,,,,,,,,
#,T4 Wing Bat,2865954846,,T4_Wing_Bat_Steam.blend,RC_BatFoil_T8,RC_BatFoil_T8_1,RC_BatFoil_T8_Flap,,,,,,,,
#,T5 Wing Bat,2863842421,,T5_Wing_Bat_Steam.blend,RC_BatFoil_T10_Arrows,Batfoil_T10,RC_BatFoil_T10_Flap,,,,,,,,
#,### RUDDERS ###,,,,,,,,,,,,,,
#,T2 Rudder,2369778644,,T2_Rudder_Steam.blend,Rudder_Hawk_Arrow,Rudder_Hawk_Base,Rudder_Hawk_Tip,,,,,,,,
#,T3 Rudder,3808719325,,T3_Rudder_Steam.blend,Rudder_Falcon_Arrow,Rudder_Falcon_Base,Rudder_Falcon_Tip,,,,,,,,
#,T4 Rudder,3919904737,,T4_Rudder_Steam.blend,Rudder_Eagle_Arrow,Rudder_Eagle_Base,Rudder_Eagle_Tip,,,,,,,,
#,T5 Rudder,2608683011,,T5_Rudder_Steam.blend,Rudder_Albatross_Arrow,Rudder_Albatross_Base,Rudder_Albatross_Tip,,,,,,,,
#,T4 Rudder Bat,2928920064,,T4_Rudder_Bat_Steam.blend,Batrudder_T8,RC_BatRudder_Arrow_T8,RC_BatRudder_Flap_T10,,,,,,,,
#,T5 Rudder Bat,2404311559,,T5_Rudder_Bat_Steam.blend,Batrudder_T10,Batrudder_T10_Flap,RC_Rudder_Arrow_L10,,,,,,,,
#,### THRUSTERS ###,,,,,,,,,,,,,,
#,T1 Thruster,844778245,,T1_Thruster_Steam.blend,RC_Jet_L1_arrow,RC_Thruster_T1,,,,,,,,,
#,T2 Thruster,2498076128,,T2_Thruster_Steam.blend,RC_Thruster_T3,polySurface1865,,,,,,,,,
#,T3 Thruster,3764614578,,T3_Thruster_Steam.blend,RC_Jet_L3_arrow,RC_Thruster_T5,,,,,,,,,
#,T4 Thruster,3938712462,,T4_Thruster_Steam.blend,RC_Jet_L4_arrow,RC_Thruster_T7,,,,,,,,,
#,T5 Thruster,2969949587,,T5_Thruster_Steam.blend,RC_Jet_L5_arrow,RC_Thruster_T9,,,,,,,,,
#,T5 Thruster Carbon 6,944347375,,T5_Thruster_Carbon6_Steam.blend,C6_Thruster_T10,RC_Jet_L5_arrow,,,,,,,,,
#,### PROPS ###,,,,,,,,,,,,,,
#,T3 Propeller,3286209719,,T3_Propeller_Steam.blend,Propeller_Arrow_Small,Propeller_Small_Base,Propeller_Small_Blades,,,,,,,,
#,T4 Propeller,2784549582,,T4_Propeller_Steam.blend,Propeller_Arrow_Large,Propeller_Large_Base,Propeller_Large_Blades,,,,,,,,
#,### FRONT MOUNTED LASERS ###,,,,,,,,,,,,,,
#,T0 Front Laser,3402350870,,T0_Front_Laser_Steam.blend,arrows_180,SMG_H_Arm_T1,SMG_H_Barrel_T1,SMG_H_Base_T1,,,,,,,
#,T1 Front Laser,2494440442,,T1_Front_Laser_Steam.blend,arrows_180,SMG_H_Arm_T3,SMG_H_Barrel_T3,SMG_H_Base_T3,,,,,,,
#,T2 Front Laser,1584562849,,T2_Front_Laser.blend,arrows_180,SMG_H_Arm_T5,SMG_H_Barrel_T5,SMG_H_Base_T5,,,,,,,
#,T3 Front Laser,2675516967,,T3_Front_Laser.blend,arrows_180,SMG_H_Arm_T7,SMG_H_Barrel_T7,SMG_H_Base_T7,,,,,,,
#,T4 Front Laser,1436911484,,T4_Front_Laser.blend,arrows_180,SMG_H_Arm_T9,SMG_H_Barrel_T9,SMG_H_Base_T9,SMG_H_Inner_Barrel_T9,,,,,,
#,### TOP MOUNTED LASERS ###,,,,,,,,,,,,,,
#,T0 Laser,3809895395,,T0_Laser_Steam.blend,SMG_Arm_T1,SMG_Barrel_T1,SMG_Base_T1,,,,,,,,
#,T1 Laser,3178463503,,T1_Laser_Steam.blend,SMG_Arm_T3,SMG_Barrel_T3,SMG_Base_T3,,,,,,,,
#,T2 Laser,2007965780,,T2_Laser.blend,SMG_Arm_T5,SMG_Barrel_T5,SMG_Base_T5,,,,,,,,
#,T3 Laser,3064235218,,T3_Laser.blend,SMG_Arm_T7,SMG_Barrel_T7,SMG_Base_T7,,,,,,,,
#,T4 Laser,2088248713,,T4_Laser.blend,SMG_Arm_T9,SMG_Barrel_T9,SMG_Base_T9,SMG_Inner_Barrel_T9,,,,,,,
#,T4 Laser Carbon 6,3632954889,,T4_Laser_Carbon6.blend,C6_SMG_Arm_T10,C6_SMG_Barrel_T10,C6_SMG_Base_T10,C6_SMG_Inner_Barrel_T10,RC_Laser_mk5_V_arrows,,,,,,
#,T5 Laser,3209000021,,T5_Laser_Steam.blend,RC_Laser_mk5_V_arrows,RC_SMG_TX1_Arm,RC_SMG_TX1_Barrel,RC_SMG_TX1_Base,RC_SMG_TX1_Muzzle,,,,,,
#,T5 Laser Carbon 6,1199458351,,T5_Laser_Carbon6_Steam.blend,RC_Laser_mk5_V_arrows,SMG_TX1_C6_Arm,SMG_TX1_C6_Barrel,SMG_TX1_C6_Base,SMG_TX1_C6_Body,,,,,,
#,T5 Laser Golden,3851710054,,T5_Laser_Gold_Steam.blend,RC_Laser_mk5_V_arrows,RC_SMG_TX1_Arm,RC_SMG_TX1_Barrel,RC_SMG_TX1_Base,RC_SMG_TX1_Muzzle,,,,,,
#,#,,,,,,,,,,,,,,
#,### PLASMA ###,,,,,,,,,,,,,,
#,T0 Plasma,2655409492,,T0_Plasma_Steam.blend,RC_Laser_mk1_V_arrows,RC_Plasma_cannon_T1_Arm,RC_Plasma_cannon_T1_Base,RC_Plasma_cannon_T1_Body,,,,,,,
#,T1 Plasma,1293532710,,T1_Plasma_Steam.blend,RC_Laser_mk2_V_arrows,RC_Plasma_cannon_T3_Arm,RC_Plasma_cannon_T3_Base,RC_Plasma_cannon_T3_Body,,,,,,,
#,T2 Plasma,2446895092,,T2_Plasma.blend,RC_Laser_mk3_V_arrows,RC_Plasma_cannon_T5_Arm,RC_Plasma_cannon_T5_Base,RC_Plasma_cannon_T5_Body,,,,,,,
#,T3 Plasma,3953551555,,T3_Plasma.blend,RC_Laser_mk4_V_arrows,RC_Plasma_cannon_T7_Arm,RC_Plasma_cannon_T7_Base,RC_Plasma_cannon_T7_Body,,,,,,,
#,T4 Plasma,929526033,,T4_Plasma.blend,RC_Laser_mk5_V_arrows,RC_Plasma_cannon_T9_Arm,RC_Plasma_cannon_T9_Base,RC_Plasma_cannon_T9_Body,,,,,,,
#,T4 Plasma Carbon 6,1593059007,,T4_Plasma_Carbon6.blend,C6_Plasma_T10_Arm,C6_Plasma_T10_Barrel,C6_Plasma_T10_Base,RC_Laser_mk5_V_arrows,,,,,,,
#,T5 Plasma,171448327,,T5_Plasma_Steam.blend,RC_Plasma_TX1_Arm,RC_Plasma_TX1_Barrel,RC_Plasma_TX1_Base,RC_TX1_Plasma_Arrows,,,,,,,
#,T5 Plasma Carbon 6,2943284935,,T5_Plasma_Carbon6_Steam.blend,C6_Plasma_Mega_Arm,C6_Plasma_Mega_Barrel,C6_Plasma_Mega_Base,RC_TX1_Plasma_Arrows,,,,,,,
#,T5 Plasma Golden,2943284935,,T5_Plasma_Gold_Steam.blend,RC_Plasma_TX1_Arm,RC_Plasma_TX1_Barrel,RC_Plasma_TX1_Base,RC_TX1_Plasma_Arrows,,,,,,,
#,### RAIL GUNS ###,,,,,,,,,,,,,,
#,T1 Rail,1640043587,,T1_Rail_Steam.blend,RC_Laser_mk2_V_arrows,RC_Rail_cannon_T4_Arm,RC_Rail_cannon_T4_Base,RC_Rail_cannon_T4_Body,,,,,,,
#,T2 Rail,2870850840,,T2_Rail.blend,RC_Laser_mk3_V_arrows,RC_Rail_cannon_T5_Arm,RC_Rail_cannon_T5_Base,RC_Rail_cannon_T5_Body,,,,,,,
#,T3 Rail,1779831198,,T3_Rail.blend,RC_Laser_mk4_V_arrows,RC_Rail_cannon_T7_Arm,RC_Rail_cannon_T7_Base,RC_Rail_cannon_T7_Body,,,,,,,
#,T4 Rail,2697638085,,T4_Rail.blend,RC_Laser_mk5_V_arrows,RC_Rail_cannon_T9_Arm,RC_Rail_cannon_T9_Base,RC_Rail_cannon_T9_Body,,,,,,,
#,T5 Rail,2083340214,,T5_Rail.blend,Mega_Rail_Base,Mega_Rail_Hor_Pivot,Mega_Rail_Vert_Pivot_1,Mega_Rail_Vert_Pivot_2,RC_Laser_mk5_V_arrows,,,,,,
#,T5 Rail Golden,447003593,,T5_Rail_Gold_Steam.blend,Mega_Rail_Base,Mega_Rail_Hor_Pivot,Mega_Rail_Vert_Pivot_1,Mega_Rail_Vert_Pivot_2,RC_Laser_mk5_V_arrows,,,,,,
#,### NANOS ###,,,,,,,,,,,,,,
#,T2 Nano,1761903423,,T2_Nano.blend,Arm,Base,Body,RC_Laser_mk3_V_arrows,,,,,,,
#,T3 Nano,1671695619,,T3_Nano.blend,Arm,Base,Body,RC_Laser_mk4_V_arrows,,,,,,,
#,T4 Nano,2364175165,,T4_Nano.blend,Arm,Base,Body,RC_Laser_mk5_V_arrows,,,,,,,
#,### TESSLA ###,,,,,,,,,,,,,,
#,T2 Tesla,2017654588,,T2_Tesla.blend,Tesla_Blade_Arm_L1,Tesla_Blade_Arm_R1,Tesla_Blade_Base_T8,Tesla_Blade_Blade1,,,,,,,
#,T3 Tesla,3479123512,,T3_Tesla.blend,Tesla_Blade_Arm_L1,Tesla_Blade_Arm_L2,Tesla_Blade_Arm_R1,Tesla_Blade_Arm_R2,Tesla_Blade_Base_T9,Tesla_Blade_Blade1,Tesla_Blade_Blade2,,,,
#,T4 Tesla,2703353899,,T4_Tesla.blend,Tesla_Blade_Arm_L1,Tesla_Blade_Arm_L2,Tesla_Blade_Arm_L3,Tesla_Blade_Arm_R1,Tesla_Blade_Arm_R2,Tesla_Blade_Arm_R3,Tesla_Blade_Base_T10,Tesla_Blade_Blade1,Tesla_Blade_Blade2,Tesla_Blade_Blade3,
#,### SEEKERS ###,,,,,,,,,,,,,,
#,T3 Seeker,48150119,,T3_Seeker.blend,RC_TX1_Plasma_Arrows,Seeker_Arm,Seeker_Barrel,Seeker_Base,,,,,,,
#,T4 Seeker,350778877,,T4_Seeker.blend,lock_on_missile_launcher_huge_arm,lock_on_missile_launcher_huge_barrel,lock_on_missile_launcher_huge_base,lockon_missile_head,lockon_missile_head.001,lockon_missile_head.002,RC_TX1_Plasma_Arrows,,,,
#,T5 Seeker,2419806013,,T5_Seeker_Steam.blend,lock_on_missile_launcher,RC_TX1_Plasma_Arrows,rocketlauncher_arm,rocketlauncher_body,lockon_missile_head,lockon_missile_head.001,lockon_missile_head.002,lockon_missile_head.003,lockon_missile_head.004,lockon_missile_head.005,
#,T5 Seeker Firework,3437168371,,T5_Seeker_Firework_Steam.blend,RC_TX1_Plasma_Arrows,T5_Seeker_Firework_Steam_Base,T5_Seeker_Firework_Steam_Body,T5_Seeker_Firework_Steam_Missiles,T5_Seeker_Firework_Stream_Arm,,,,,,
#,T5 Seeker Golden,3832533619,,T5_Seeker_Gold_Steam.blend,lock_on_missile_launcher,lockon_missile_head,lockon_missile_head.001,lockon_missile_head.002,lockon_missile_head.003,lockon_missile_head.004,lockon_missile_head.005,RC_TX1_Plasma_Arrows,rocketlauncher_arm,rocketlauncher_body,
#,### FLAK ###,,,,,,,,,,,,,,
#,T4 Flak,3947892032,,T4_AeroFlak.blend,flak_base,flak_gun,flak_joint,RC_TX1_Plasma_Arrows,,,,,,,
#,T5 Flak,73607413,,T5_AeroFlak_Steam.blend,Aeroflak_Arm,Aeroflak_Base,Aeroflak_Body,RC_TX1_Plasma_Arrows,,,,,,,
#,### CHAINGUNS ###,,,,,,,,,,,,,,
#,T4 Chaingun,1318129004,,T4_Chaingun.blend,Chaingun_Huge_Barrel,Chaingun_Huge_Base,Chaingun_Huge_Hor_Pivot,Chaingun_Huge_Vert_Pivot_1,Chaingun_Huge_Vert_Pivot_2,RC_Laser_mk5_V_arrows,,,,,
#,T5 Chaingun,1795842454,,T5_Chaingun.blend,Chaingun_Barrel,Chaingun_Base,Chaingun_Hor_Pivot,Chaingun_Vert_Pivot_1,Chaingun_Vert_Pivot_2,RC_Laser_mk5_V_arrows,,,,,
#,T5 Chaingun Golden,194724715,,T5_Chaingun_Gold_Steam.blend,Chaingun_Barrel,Chaingun_Base,Chaingun_Hor_Pivot,Chaingun_Vert_Pivot_1,Chaingun_Vert_Pivot_2,RC_Laser_mk5_V_arrows,,,,,
#,### ION ###,,,,,,,,,,,,,,
#,T4 Ion,3541341953,,T4_Ion.blend,Ion_Destabiliser_Arms,Ion_Destabiliser_Barrel,Ion_Destabiliser_Base,Ion_Destabiliser_Body,RC_Laser_mk5_V_arrows,,,,,,
#,T5 Ion,1184153980,,T5_Ion_Steam.blend,ion_distorter_arms,ion_distorter_barrel,ion_distorter_base,ion_distorter_body,RC_Laser_mk5_V_arrows,,,,,,
#,T5 Ion Cardboard,2295212085,,T5_Ion_Cardlife_Steam.blend,ion_distorter_arms,ion_distorter_barrel,ion_distorter_base,ion_distorter_body,RC_Laser_mk5_V_arrows,,,,,,
#,T5 Ion Golden,105639928,,T5_Ion_Gold_Steam.blend,ion_distorter_arms,ion_distorter_barrel,ion_distorter_base,ion_distorter_body,RC_Laser_mk5_V_arrows,,,,,,
#,### MORTAR ###,,,,,,,,,,,,,,
#,T5 Mortar,1885850433,,T5_Mortar.blend,Gyro_Mortar_Barrel,Gyro_Mortar_Base,Gyro_Mortar_Gymbal,RC_GyroMortar_Arrows,,,,,,,
#,T5 Mortar Egg Launcher,3087866254,,T5_Mortar_Egg.blend,Barrel_Gyro_Mortar_Egg2,Base_Gyro_Mortar_Egg,Body_02_Gyro_Mortar_Egg,Body_Gyro_Mortar_Egg,Gyro_Mortar_Shell_Egg,RC_GyroMortar_Arrows,,,,,
#,T5 Mortar Golden,2256680330,,T5_Mortar_Gold_Steam.blend,Gyro_Mortar_Barrel,Gyro_Mortar_Base,Gyro_Mortar_Gymbal,RC_GyroMortar_Arrows,,,,,,,
#,### MODULES ###,,,,,,,,,,,,,,
#,T3 Blink Module,3987245394,,T5_Blink_Module.blend,Teleport_Module,Teleport_Module_Glow,,,,,,,,,
#,T3 Disc Shield Module,3263542661,,T5_Disc_Shield_Module.blend,Disc_Shield_Module,Disc_Shield_Module_Glow,,,,,,,,,
#,T3 Emp Module,658488560,,T5_EMP_Module.blend,EMP_Base,EMP_Spindle,,,,,,,,,
#,T3 Energy Module,1692614192,,T5_Weapon_Energy_Module.blend,Mega_Module,,,,,,,,,,
#,T3 Ghost Module,4230376397,,T5_Ghost_Module.blend,Cloak_Module,,,,,,,,,,
#,T3 Windowmaker Module,344080878,,T5_Windowmaker_Module.blend,Radar_Base,Radar_Arm,Radar_Arm2,Radar_Dish,,,,,,,
#,### ELECTRO SHIELDS ###,,,,,,,,,,,,,,
#,T2 Electroshield A Left,1264237222,,T3_ElectroShield_Left_Steam.blend,ElectroPlate_L_L1,,,,,,,,,,
#,T2 Electroshield A Right,2965095316,,T3_ElectroShield_Right_Steam.blend,ElectroPlate_R_L1,,,,,,,,,,
#,T2 Electroshield B Right,1771929753,,T3_ElectroShield_A_Left_Steam.blend,ElectroPlate_L_L2,,,,,,,,,,
#,T2 Electroshield B Left,2457663915,,T3_ElectroShield_A_Right_Steam.blend,ElectroPlate_R_L2,,,,,,,,,,
#,T2 Electroshield C Right,3732947357,,T3_ElectroShield_B_Left_Steam.blend,ElectroPlate_L_L3,,,,,,,,,,
#,T2 Electroshield C Left,627128495,,T3_ElectroShield_B_Right_Steam.blend,ElectroPlate_R_L3,,,,,,,,,,
#,T3 Electroshield A Right,3687843459,,T3_ElectroShield_C_Left_Steam.blend,ElectroPlate_L_L4,,,,,,,,,,
#,T3 Electroshield A Left,540114865,,T3_ElectroShield_C_Right_Steam.blend,ElectroPlate_R_L4,,,,,,,,,,
#,T3 Electroshield B Right,1825425287,,T3_ElectroShield_D_Left_Steam.blend,ElectroPlate_L_L5,,,,,,,,,,
#,T3 Electroshield B Left,2536292021,,T3_ElectroShield_D_Right_Steam.blend,ElectroPlate_R_L5,,,,,,,,,,
#,T3 Electroshield B Right Football,3152416924,,T3_ElectroShield_D_Left_Football_Steam.blend,polySurface17,,,,,,,,,,
#,T3 Electroshield B Left Football,3248328684,,T3_ElectroShield_D_Right_Football_Steam.blend,polySurface18,,,,,,,,,,
#,T3 Electroshield B Right Spiked,1361801646,,T3_ElectroShield_D_left_Spiked_Steam.blend,Dwarf_Plate_T5_L,,,,,,,,,,
#,T3 Electroshield B Left Spiked,726724318,,T3_ElectroShield_D_Right_Spiked_Steam.blend,Dwarf_Plate_T5_R,,,,,,,,,,
#,T3 Electroshield C Right,3052110986,,T3_ElectroShield_E_left_Steam.blend,ElectroPlate_L_L6,,,,,,,,,,
#,T3 Electroshield C Left,1309343160,,T3_ElectroShield_E_Right_Steam.blend,ElectroPlate_R_L6,,,,,,,,,,
#,T4 Electroshield A Right,49694094,,T3_ElectroShield_F_Left_Steam.blend,ElectroPlate_L_L7,,,,,,,,,,
#,T4 Electroshield A Left,4179049660,,T3_ElectroShield_F_Right_Steam.blend,ElectroPlate_R_L7,,,,,,,,,,
#,T4 Electroshield B Right,3209366198,,T3_ElectroShield_G_Left_Steam.blend,Electroplate_L_L8,,,,,,,,,,
#,T4 Electroshield B Left,1152021380,,T3_ElectroShield_G_Right_Steam.blend,Electroplate_R_L8,,,,,,,,,,
#,T4 Electroshield C Right,139905970,,T3_ElectroShield_H_Left_Steam.blend,ElectroPlate_L_L9,,,,,,,,,,
#,T4 Electroshield C Left,4088902272,,T3_ElectroShield_H_Right_Steam.blend,ElectroPlate_R_L9,,,,,,,,,,
#,T5 Electroshield A Right,1889152405,,T3_ElectroShield_I_Left_Steam.blend,ElectroPlate_L_L10,,,,,,,,,,
#,T5 Electroshield A LEFT,3823106277,,T3_ElectroShield_I_Right_Steam.blend,ElectroPlate_R_L10,,,,,,,,,,
#,T5 Electroshield B Left,3001609712,,RC_MegaPlate_TX1A_L.blend,MegaPlate_TX1A_L_0,MegaPlate_TX1A_L_1,MegaPlate_TX1A_L_2,,,,,,,,
#,T5 Electroshield B Right,3365106304,,RC_MegaPlate_TX1A_R.blend,MegaPlate_TX1A_R_0,MegaPlate_TX1A_R_1,MegaPlate_TX1A_R_2,,,,,,,,
#,T5 Electroshield C Left,991790322,,RC_MegaPlate_TX1B_L.blend,MegaPlate_TX1B_L_0,MegaPlate_TX1B_L_1,MegaPlate_TX1B_L_2,,,,,,,,
#,T5 Electroshield C Right,1097210754,,RC_MegaPlate_TX1B_R.blend,MegaPlate_TX1B_R_0,MegaPlate_TX1B_R_1,MegaPlate_TX1B_R_2,,,,,,,,
#,#,,,,,,,,,,,,,,
#,### SPECIAL ###,,,,,,,,,,,,,,
#,Altimeter,2820370110,,Altimeter.blend,RC_Cube_Altimeter,,,,,,,,,,
#,Cockpit Front Left,717544517,,Cockpit_Front_Left.blend,Megabot_MkII_Cockpit_Front_L,,,,,,,,,,
#,Cockpit Front Right,1354711861,,Cockpit_Front_Right.blend,Megabot_MkII_Cockpit_Front_R,,,,,,,,,,
#,Cockpit Mid Left,3688596442,,Cockpit_Mid_Left.blend,Megabot_MkII_Cockpit_Mid_L,,,,,,,,,,
#,Cockpit Mid Right,2711624874,,Cockpit_Mid_Right.blend,Megabot_MkII_Cockpit_Mid_R,,,,,,,,,,
#,Cockpit Top Left,3970675339,,Cockpit_Top_Left.blend,Megabot_MkII_Cockpit_Top_L,,,,,,,,,,
#,Cockpit Top Right,2530225659,,Cockpit_Top_Right.blend,Megabot_MkII_Cockpit_Top_R,,,,,,,,,,
#,Flipper Large,2297667466,,Flipper_Large.blend,Flipper_Large,,,,,,,,,,
#,Flipper Medium,3083647184,,Flipper_Medium.blend,Flipper_Medium,,,,,,,,,,
#,Flipper Small,2707915966,,Flipper_Small.blend,Flipper_Small,,,,,,,,,,
#,Jammer Large,575087658,,Jammer_Large.blend,Jammer_Large,,,,,,,,,,
#,Jammer Medium,3106939802,,Jammer_Medium.blend,Jammer_Medium,,,,,,,,,,
#,Jammer Small,198393630,,Jammer_Small.blend,Jammer_Small,,,,,,,,,,
#,Radar Large,3370519355,,Radar_Large.blend,Radar_Large,,,,,,,,,,
#,Radar Medium,2115785469,,Radar_Medium.blend,Radar_Medium,,,,,,,,,,
#,Radar Small,3782348815,,Radar_Small.blend,Radar_Small,,,,,,,,,,
#,PilotSeat Bunny,1061758673,,RC_Cube_PilotSeat_Bunny.blend,new_bunnyseat:PilotSeat_Mega,Bunny,,,,,,,,,
#,PilotSeat Cray,2843561040,,RC_Cube_PilotSeat_Cray.blend,PilotSeat_Cray,Cray,,,,,,,,,
#,PilotSeat Gene,1427441647,,RC_Cube_PilotSeat_Gene.blend,PilotSeat_Gene,Gene,,,,,,,,,
#,PilotSeat Mega,2325944783,,RC_Cube_PilotSeat_Mega.blend,PilotSeat_Mega,Tianhe,,,,,,,,,
#,PilotSeat Retro,2743059293,,RC_Cube_PilotSeat_Retro.blend,PilotSeat_Retro,Retro,,,,,,,,,
#,Receiver Large,2742818297,,Receiver_Large.blend,Receiver_Large,,,,,,,,,,
#,Receiver Medium,2312945847,,Receiver_Medium.blend,Receiver_Medium,,,,,,,,,,
#,Receiver Small,2330463949,,Receiver_Small.blend,Receiver_Small,,,,,,,,,,
#,Speedometer,3531325242,,Speedometer.blend,RC_Cube_Speedometer,RC_Cube_Speedometer_Bars,,,,,,,,,
#,### COSMETICS ###,,,,,,,,,,,,,,
#,Bronze League Badge Arena,988387568,,Bronze_League_Badge_Arena.blend,LeagueBadge,LeagueBadge_Projector,,,,,,,,,
#,Bronze League Badge,1301942811,,Bronze_League_Badge.blend,LeagueBadge,LeagueBadge_Projector,,,,,,,,,
#,Diamond League Badge,608517870,,Diamond_League_Badge.blend,LeagueBadge,LeagueBadge_Projector,,,,,,,,,
#,Gold League Badge Arena,2514755079,,Gold_League_Badge_Arena.blend,LeagueBadge,LeagueBadge_Projector,,,,,,,,,
#,Gold League Badge,1893098069,,Gold_League_Badge.blend,LeagueBadge,LeagueBadge_Projector,,,,,,,,,
#,Protonium League Badge,2046961989,,Protonium_League_Badge.blend,LeagueBadge,LeagueBadge_Projector,,,,,,,,,
#,Protonium League Five Stars Badge,1988022506,,Protonium_League_Five_Stars_Badge.blend,LeagueBadge,LeagueBadge_Projector,,,,,,,,,
#,Silver League Badge,4157599523,,Silver_League_Badge.blend,LeagueBadge,LeagueBadge_Projector,,,,,,,,,
#,Silver League Badge Arena,1551110695,,Silver_League_Badge_Arena.blend,LeagueBadge,LeagueBadge_Projector,,,,,,,,,
#,Alienware Mask Ear L,3136672710,,Alienware_Mask_Ear_L.blend,alienware_ears_L,,,,,,,,,,
#,Alienware Mask Ear R,699401910,,Alienware_Mask_Ear_R.blend,alienware_ears_R,,,,,,,,,,
#,Alienware Mask Head L,2145317520,,Alienware_Mask_Head_L.blend,alienware_head_L,,,,,,,,,,
#,Alienware Mask Head R,3969591264,,Alienware_Mask_Head_R.blend,alienware_head_R,,,,,,,,,,
#,Alienware Mask Jaw L,3709563875,,Alienware_Mask_Jaw_L.blend,alienware_jaw_L,,,,,,,,,,
#,Alienware Mask Jaw R,1314825875,,Alienware_Mask_Jaw_R.blend,alienware_jaw_R,,,,,,,,,,
#,CatEye Left,767825476,,CatEye_Left.blend,RC_Cat_Eye_Base_L,RC_Cat_Eye_Eyeball_L,RC_Cat_Eye_EyelidBottom_L,RC_Cat_Eye_EyelidTop_L,RC_Cat_Eye_Pivot_L,,,,,,
#,CatEye Right,683945560,,CatEye_Right.blend,RC_Cat_Eye_Base_R,RC_Cat_Eye_Eyeball_R,RC_Cat_Eye_EyelidBottom_R,RC_Cat_Eye_EyelidTop_R,RC_Cat_Eye_Pivot_R,,,,,,
#,Cyborg Eyes,1609561971,,Cyborg_Eyes.blend,RC_Robot_Eye_Base,RC_Robot_Eye_IrisBlade_1,RC_Robot_Eye_IrisBlade_2,RC_Robot_Eye_IrisBlade_3,RC_Robot_Eye_IrisBlade_4,RC_Robot_Eye_IrisBlade_5,RC_Robot_Eye_IrisBlade_6,RC_Robot_Eye_IrisBlade_7,RC_Robot_EyeBall,,
#,Eagle Face Left,291229893,,Eagle_Face_Left.blend,Eagle_Face_L,,,,,,,,,,
#,Eagle Face Right,1797279669,,Eagle_Face_Right.blend,Eagle_Face_R,,,,,,,,,,
#,Eagle Feathers Left,2829693731,,Eagle_Feathers_Left.blend,Eagle_Feathers_L,,,,,,,,,,
#,Eagle Feathers Right,3536989267,,Eagle_Feathers_Right.blend,Eagle_Feathers_R,,,,,,,,,,
#,Eagle Neck Left,38268230,,Eagle_Neck_Left.blend,Eagle_Neck_L,,,,,,,,,,
#,Eagle Neck Right,2017227318,,Eagle_Neck_Right.blend,Eagle_Neck_R,,,,,,,,,,
#,Football Face Left,1568834334,,Football_Face_Left.blend,face_left,,,,,,,,,,
#,Football Face Right,670637166,,Football_Face_Right.blend,face_right,,,,,,,,,,
#,Football Guard Left,326549783,,Football_Guard_Left.blend,guard_left,,,,,,,,,,
#,Football Guard Right,1762483815,,Football_Guard_Right.blend,guard_right,,,,,,,,,,
#,Football Helmet Left,1616382608,,Football_Helmet_Left.blend,helmet_left,,,,,,,,,,
#,Football Helmet Right,438539744,,Football_Helmet_Right.blend,helmet_right,,,,,,,,,,
#,Honeydew Beard Left,400977570,,Honeydew_Beard_Left.blend,Honeydew_beard_L,,,,,,,,,,
#,Honeydew Beard Right,1839067602,,Honeydew_Beard_Right.blend,Honeydew_beard_R,,,,,,,,,,
#,Honeydew Face Left,946469841,,Honeydew_Face_Left.blend,Honeydew_face_L,,,,,,,,,,
#,Honeydew Face Right,1108501665,,Honeydew_Face_Right.blend,Honeydew_face_R,,,,,,,,,,
#,Honeydew Horns Left,837592722,,Honeydew_Horns_Left.blend,Honeydew_horns_L,,,,,,,,,,
#,Honeydew Horns Right,1268201954,,Honeydew_Horns_Right.blend,Honeydew_horns_R,,,,,,,,,,
#,Mech 7 Ear Left,3920339432,,Mech_7_Ear_Left.blend,Mech_7_Side_L,,,,,,,,,,
#,Mech 7 Ear Right,2479898264,,Mech_7_Ear_Right.blend,Mech_7_Side_R,,,,,,,,,,
#,Mech 7 Jaw Left,1620644180,,Mech_7_Jaw_Left.blend,Mech_7_Jaw_L,,,,,,,,,,
#,Mech 7 Jaw Right,451055140,,Mech_7_Jaw_Right.blend,Mech_7_Jaw_R,,,,,,,,,,
#,Mech 7 Nose Left,2923392504,,Mech_7_Nose_Left.blend,Mech_7_Nose_L,,,,,,,,,,
#,Mech 7 Nose Right,3561288328,,Mech_7_Nose_Right.blend,Mech_7_Nose_R,,,,,,,,,,
#,Ninja Mask Bandana L,3248797084,,Ninja_Mask_Bandana_L.blend,Ninja_Bandana_L,,,,,,,,,,
#,Ninja Mask Bandana R,1390502124,,Ninja_Mask_Bandana_R.blend,Ninja_Bandana_R,,,,,,,,,,
#,Ninja Mask Head L,2847701117,,Ninja_Mask_Head_L.blend,Ninja_Head_L,,,,,,,,,,
#,Ninja Mask Head R,989441293,,Ninja_Mask_Head_R.blend,Ninja_Head_R,,,,,,,,,,
#,Ninja Mask Mask L,108914709,,Ninja_Mask_Mask_L.blend,Ninja_Mask_L,,,,,,,,,,
#,Ninja Mask Mask R,2503490917,,Ninja_Mask_Mask_R.blend,Ninja_Mask_R,,,,,,,,,,
#,OverWolf Ear Left,2150063391,,OverWolf_Ear_Left.blend,Overwolf_Ear_L,,,,,,,,,,
#,OverWolf Ear Right,4200383087,,OverWolf_Ear_Right.blend,Overwolf_Ear_R,,,,,,,,,,
#,OverWolf Eye Left,3424461321,,OverWolf_Eye_Left.blend,Overwolf_Nose_L,,,,,,,,,,
#,OverWolf Eye Right,3060186489,,OverWolf_Eye_Right.blend,Overwolf_Nose_R,,,,,,,,,,
#,OverWolf Jaw Left,152432035,,OverWolf_Jaw_Left.blend,Overwolf_Jaw_L,,,,,,,,,,
#,OverWolf Jaw Right,1936618195,,OverWolf_Jaw_Right.blend,Overwolf_Jaw_R,,,,,,,,,,
#,Rhino 8 Ear Left,2379348787,,Rhino_8_Ear_Left.blend,Rhino8_Ear_L,,,,,,,,,,
#,Rhino 8 Ear Right,4155139139,,Rhino_8_Ear_Right.blend,Rhino8_Ear_R,,,,,,,,,,
#,Rhino 8 Jaw Left,82004879,,Rhino_8_Jaw_Left.blend,Rhino8_Jaw_L,,,,,,,,,,
#,Rhino 8 Jaw Right,2123945215,,Rhino_8_Jaw_Right.blend,Rhino8_Jaw_R,,,,,,,,,,
#,Rhino 8 Nose Left,651937688,,Rhino_8_Nose_Left.blend,Rhino8_Nose_L,,,,,,,,,,
#,Rhino 8 Nose Right,1554012392,,Rhino_8_Nose_Right.blend,Rhino8_Nose_R,,,,,,,,,,
#,Sabretooth Ear Left,1584789066,,Sabretooth_Ear_Left.blend,Sabre_Ears_L,,,,,,,,,,
#,Sabretooth Ear Right,604924218,,Sabretooth_Ear_Right.blend,Sabre_Ear_R,,,,,,,,,,
#,Sabretooth Face Left,854085002,,Sabretooth_Face_Left.blend,Sabre_Face_L,,,,,,,,,,
#,Sabretooth Face Right,1217647354,,Sabretooth_Face_Right.blend,Sabre_Face_R,,,,,,,,,,
#,Sabretooth Jaw Left,3611772662,,Sabretooth_Jaw_Left.blend,Sabre_Jaw_L,,,,,,,,,,
#,Sabretooth Jaw Right,2906446214,,Sabretooth_Jaw_Right.blend,Sabre_Jaw_R,,,,,,,,,,
#,Scary Mask Eyes Left,30139883,,Scary_Mask_Eyes_Left.blend,lefthead,,,,,,,,,,
#,Scary Mask Eyes Right,2075163291,,Scary_Mask_Eyes_Right.blend,Righthead,,,,,,,,,,
#,Scary Mask Horn Left,3619385994,,Scary_Mask_Horn_Left.blend,lefthorn,,,,,,,,,,
#,Scary Mask Horn Right,2915102202,,Scary_Mask_Horn_Right.blend,righthorn,,,,,,,,,,
#,Scary Mask Jaw Left,1574122495,,Scary_Mask_Jaw_Left.blend,Leftjaw,,,,,,,,,,
#,Scary Mask Jaw Right,665365647,,Scary_Mask_Jaw_Right.blend,rightjaw,,,,,,,,,,
#,TRex Mask Head L,981970925,,TRex_Mask_Head_L.blend,T_Rex_Head_L,,,,,,,,,,
#,TRex Mask Head R,799302218,,TRex_Mask_Head_R.blend,T_Rex_Head_R,,,,,,,,,,
#,TRex Mask Jaw L,3670645745,,TRex_Mask_Jaw_L.blend,T_Rex_Jaw_L,,,,,,,,,,
#,TRex Mask Jaw R,3618891370,,TRex_Mask_Jaw_R.blend,T_Rex_Jaw_R,,,,,,,,,,
#,TRex Mask Nose L,669458802,,TRex_Mask_Nose_L.blend,T_Rex_Nose_L,,,,,,,,,,
#,TRex Mask Nose R,4069461414,,TRex_Mask_Nose_R.blend,T_Rex_Nose_R,,,,,,,,,,
#,Vigilant Eyes Left,3558508089,,Vigilant_Eyes_Left.blend,RC_ Human_Eye_Base_L,RC_ Human_Eye_EyelidBottom_L,RC_ Human_Eye_EyelidTop_L,RC_ Human_Eye_Pivot_L,RC_Human_Eye_Eyeball_L,,,,,,
#,Vigilant Eyes Right,1704793982,,Vigilant_Eyes_Right.blend,RC_ Human_Eye_Base_R,RC_ Human_Eye_EyelidBottom_R,RC_ Human_Eye_EyelidTop_R,RC_ Human_Eye_Pivot_R,RC_Human_Eye_Eyeball_R,,,,,,
#,Balloon,346272734,,Balloon.blend,RC_Balloon,,,,,,,,,,
#,Bubble Machine,2484686408,,Bubble_Machine.blend,RC_BubbleBlower,RC_BubbleBlower_Nozzle,,,,,,,,,
#,Exhaust Blower,149580437,,Exhaust_Blower.blend,RC_Exhaust_Blower,,,,,,,,,,
#,Exhaust Stack L,3489925411,,Exhaust_Stack_L.blend,RC_Exhaust_Stack,,,,,,,,,,
#,Exhaust Stack R,1679554409,,Exhaust_Stack_R.blend,RC_Exhaust_Stack,,,,,,,,,,
#,Fairy Light,2183972675,,Fairy_Light.blend,Fairy_Light,,,,,,,,,,
#,Headlamp,1367205243,,Headlamp.blend,RC_Headlight,,,,,,,,,,
#,Present Large,568116457,,Present_Large.blend,Connection_point,,,,,,,,,,
#,Present Small,138993629,,Present_Small.blend,bowcentre1,,,,,,,,,,
#,Robot Name Banner,2782198650,,Robot_Name_Banner.blend,polySurface276,,,,,,,,,,
#,Spike Claw,1991524976,,Spike_Claw.blend,RC_Spike_Claw,,,,,,,,,,
#,Spike Dagger,688123941,,Spike_Dagger.blend,Dwarf_Spike,,,,,,,,,,
#,Spike Needle,955529870,,Spike_Needle.blend,RC_Spike_Needle,,,,,,,,,,
#,Spike Pin,108680691,,Spike_Pin.blend,RC_Spike_Pin,,,,,,,,,,
#,Vapor Trail Single,3610833057,,Vapor_Trail_Single.blend,RC_Vaportrail_L1_Base,RC_Vaportrail_L1_Cylinder,RC_Vaportrail_L1_Fin,,,,,,,,
#,Vapor Trail Single Firework,1810319153,,Vapor_Trail_Single_Firework.blend,RC_Vaportrail_L1_Base,RC_Vaportrail_L1_Cylinder,RC_Vaportrail_L1_Fin,,,,,,,,
#,Vapor Trail Single Flower,3137009174,,Vapor_Trail_Single_Flower.blend,RC_Vaportrail_L1_Base,RC_Vaportrail_L1_Cylinder,RC_Vaportrail_L1_Fin,,,,,,,,
#,Vapor Trail Single Snowflake,3297983510,,Vapor_Trail_Single_Snowflake.blend,RC_Vaportrail_L1_Base,RC_Vaportrail_L1_Cylinder,RC_Vaportrail_L1_Fin,,,,,,,,
#,Vapor Trail Twin,236893100,,Vapor_Trail_Twin.blend,RC_Vaportrail_L2_Base,RC_Vaportrail_L2_Cylinder,RC_Vaportrail_L2_Fin,,,,,,,,
#,### HOLOFLAGS ###,,,,,,,,,,,,,,
#,UK Holoflag,4175295691,,UK_Holoflag.blend,pPlane1,FlagProjector2,,,,,,,,,
#,USA Holoflag,3559676835,,USA_Holoflag.blend,pPlane1,FlagProjector2,,,,,,,,,
#,2019 Holoflag,216301182,,2019_Holoflag.blend,pPlane1,FlagProjector2,,,,,,,,,
#,Bunny Holoflag,2663263630,,Bunny_Holoflag.blend,pPlane1,FlagProjector2,,,,,,,,,
#,China Holoflag,3910121366,,China_Holoflag.blend,pPlane1,FlagProjector2,,,,,,,,,
#,Curse Holoflag,1039436321,,Curse_Holoflag.blend,pPlane1,FlagProjector2,,,,,,,,,
#,Italy Holoflag,4166201860,,Italy_Holoflag.blend,pPlane1,FlagProjector2,,,,,,,,,
#,Japan Holoflag,2020064218,,Japan_Holoflag.blend,pPlane1,FlagProjector2,,,,,,,,,
#,Spain Holoflag,3114896263,,Spain_Holoflag.blend,pPlane1,FlagProjector2,,,,,,,,,
#,Brazil Holoflag,2243089188,,Brazil_Holoflag.blend,pPlane1,FlagProjector2,,,,,,,,,
#,Canada Holoflag,1385335421,,Canada_Holoflag.blend,pPlane1,FlagProjector2,,,,,,,,,
#,Flower Holoflag,3266439135,,Flower_Holoflag.blend,pPlane1,FlagProjector2,,,,,,,,,
#,France Holoflag,2373812955,,France_Holoflag.blend,pPlane1,FlagProjector2,,,,,,,,,
#,Pirate Holoflag,4124816651,,Pirate_Holoflag.blend,pPlane1,FlagProjector2,,,,,,,,,
#,Poland Holoflag,2730691972,,Poland_Holoflag.blend,pPlane1,FlagProjector2,,,,,,,,,
#,Russia Holoflag,4065608086,,Russia_Holoflag.blend,pPlane1,FlagProjector2,,,,,,,,,
#,Sweden Holoflag,1786715320,,Sweden_Holoflag.blend,pPlane1,FlagProjector2,,,,,,,,,
#,3 Years Holoflag,3996493866,,3_Years_Holoflag.blend,pPlane1,FlagProjector2,,,,,,,,,
#,4 Years Holoflag,507555577,,4_Years_Holoflag.blend,pPlane1,FlagProjector2,,,,,,,,,
#,5 Years Holoflag,3210649465,,5_Years_Holoflag.blend,pPlane1,FlagProjector2,,,,,,,,,
#,6 Years Holoflag,2537158398,,6_Years_Holoflag.blend,pPlane1,FlagProjector2,,,,,,,,,
#,Belarus Holoflag,1768151340,,Belarus_Holoflag.blend,pPlane1,FlagProjector2,,,,,,,,,
#,Belgium Holoflag,1798659636,,Belgium_Holoflag.blend,pPlane1,FlagProjector2,,,,,,,,,
#,Germany Holoflag,2596479965,,Germany_Holoflag.blend,pPlane1,FlagProjector2,,,,,,,,,
#,Iceland Holoflag,1796059677,,Iceland_Holoflag.blend,pPlane1,FlagProjector2,,,,,,,,,
#,Ireland Holoflag,3447406366,,Ireland_Holoflag.blend,pPlane1,FlagProjector2,,,,,,,,,
#,Rainbow Holoflag,1042028710,,Rainbow_Holoflag.blend,pPlane1,FlagProjector2,,,,,,,,,
#,Ukraine Holoflag,68277216,,Ukraine_Holoflag.blend,pPlane1,FlagProjector2,,,,,,,,,
#,Chronogg Holoflag,862329300,,Chronogg_Holoflag.blend,pPlane1,FlagProjector2,,,,,,,,,
#,Overwolf Holoflag,1020482017,,Overwolf_Holoflag.blend,pPlane1,FlagProjector2,,,,,,,,,
#,Yogscast Holoflag,4079824960,,Yogscast_Holoflag.blend,pPlane1,FlagProjector2,,,,,,,,,
#,Alienware Holoflag,2345098755,,Alienware_Holoflag.blend,pPlane1,FlagProjector2,,,,,,,,,
#,Argentina Holoflag,354715741,,Argentina_Holoflag.blend,pPlane1,FlagProjector2,,,,,,,,,
#,Australia Holoflag,664490215,,Australia_Holoflag.blend,pPlane1,FlagProjector2,,,,,,,,,
#,EasterEgg Holoflag,3131616996,,EasterEgg_Holoflag.blend,pPlane1,FlagProjector2,,,,,,,,,
#,Robocraft Holoflag,1958111892,,Robocraft_Holoflag.blend,pPlane1,FlagProjector2,,,,,,,,,
#,Snowflake Holoflag,327459709,,Snowflake_Holoflag.blend,pPlane1,FlagProjector2,,,,,,,,,
#,Candy Cane Holoflag,2412453676,,Candy_Cane_Holoflag.blend,pPlane1,FlagProjector2,,,,,,,,,
#,Kazakhstan Holoflag,3330651823,,Kazakhstan_Holoflag.blend,pPlane1,FlagProjector2,,,,,,,,,
#,Santa Cray Holoflag,2990880144,,Santa_Cray_Holoflag.blend,pPlane1,FlagProjector2,,,,,,,,,
#,Netherlands Holoflag,88051662,,Netherlands_Holoflag.blend,pPlane1,FlagProjector2,,,,,,,,,
#,New Zealand Holoflag,2855651676,,New_Zealand_Holoflag.blend,pPlane1,FlagProjector2,,,,,,,,,
#,South Korea Holoflag,460733827,,South_Korea_Holoflag.blend,pPlane1,FlagProjector2,,,,,,,,,
#,Top Hundred Holoflag,757806708,,Top_Hundred_Holoflag.blend,pPlane1,FlagProjector2,,,,,,,,,
#,Dev Supporter Holoflag,4200145444,,Dev_Supporter_Holoflag.blend,pPlane1,FlagProjector2,,,,,,,,,
#,Humble Bundle HoloFlag,3024755361,,Humble_Bundle_HoloFlag.blend,pPlane1,FlagProjector2,,,,,,,,,
#,RoboPass Season 1 Holoflag,3058601525,,RoboPass_Season_1_Holoflag.blend,pPlane1,FlagProjector2,,,,,,,,,
#,RoboPass Season 2 Holoflag,3411783298,,RoboPass_Season_2_Holoflag.blend,pPlane1,FlagProjector2,,,,,,,,,
#,Gold Dev Supporter Holoflag,3370765914,,Gold_Dev_Supporter_Holoflag.blend,pPlane1,FlagProjector2,,,,,,,,,
#,Able Gamers Charity Holoflag,1607707925,,Able_Gamers_Charity_Holoflag.blend,pPlane1,FlagProjector2,,,,,,,,,
#,Turkish flag,4070927930,,Turkish_flag.blend,pPlane1,FlagProjector2,,,,,,,,,
#,Danish flag,932603502,,Danish_flag.blend,pPlane1,FlagProjector2,,,,,,,,,
#,UK Holoflag,4175295691,,Generic_Holoflag.blend,pPlane1,FlagProjector2,,,,,,,,,
#,USA Holoflag,3559676835,,Generic_Holoflag.blend,pPlane1,FlagProjector2,,,,,,,,,
#,2019 Holoflag,216301182,,Generic_Holoflag.blend,pPlane1,FlagProjector2,,,,,,,,,
#,Bunny Holoflag,2663263630,,Generic_Holoflag.blend,pPlane1,FlagProjector2,,,,,,,,,
#,China Holoflag,3910121366,,Generic_Holoflag.blend,pPlane1,FlagProjector2,,,,,,,,,
#,Curse Holoflag,1039436321,,Generic_Holoflag.blend,pPlane1,FlagProjector2,,,,,,,,,
#,Italy Holoflag,4166201860,,Generic_Holoflag.blend,pPlane1,FlagProjector2,,,,,,,,,
#,Japan Holoflag,2020064218,,Generic_Holoflag.blend,pPlane1,FlagProjector2,,,,,,,,,
#,Spain Holoflag,3114896263,,Generic_Holoflag.blend,pPlane1,FlagProjector2,,,,,,,,,
#,Brazil Holoflag,2243089188,,Generic_Holoflag.blend,pPlane1,FlagProjector2,,,,,,,,,
#,Canada Holoflag,1385335421,,Generic_Holoflag.blend,pPlane1,FlagProjector2,,,,,,,,,
#,Flower Holoflag,3266439135,,Generic_Holoflag.blend,pPlane1,FlagProjector2,,,,,,,,,
#,France Holoflag,2373812955,,Generic_Holoflag.blend,pPlane1,FlagProjector2,,,,,,,,,
#,Pirate Holoflag,4124816651,,Generic_Holoflag.blend,pPlane1,FlagProjector2,,,,,,,,,
#,Poland Holoflag,2730691972,,Generic_Holoflag.blend,pPlane1,FlagProjector2,,,,,,,,,
#,Russia Holoflag,4065608086,,Generic_Holoflag.blend,pPlane1,FlagProjector2,,,,,,,,,
#,Sweden Holoflag,1786715320,,Generic_Holoflag.blend,pPlane1,FlagProjector2,,,,,,,,,
#,3 Years Holoflag,3996493866,,Generic_Holoflag.blend,pPlane1,FlagProjector2,,,,,,,,,
#,4 Years Holoflag,507555577,,Generic_Holoflag.blend,pPlane1,FlagProjector2,,,,,,,,,
#,5 Years Holoflag,3210649465,,Generic_Holoflag.blend,pPlane1,FlagProjector2,,,,,,,,,
#,6 Years Holoflag,2537158398,,Generic_Holoflag.blend,pPlane1,FlagProjector2,,,,,,,,,
#,Belarus Holoflag,1768151340,,Generic_Holoflag.blend,pPlane1,FlagProjector2,,,,,,,,,
#,Belgium Holoflag,1798659636,,Generic_Holoflag.blend,pPlane1,FlagProjector2,,,,,,,,,
#,Germany Holoflag,2596479965,,Generic_Holoflag.blend,pPlane1,FlagProjector2,,,,,,,,,
#,Iceland Holoflag,1796059677,,Generic_Holoflag.blend,pPlane1,FlagProjector2,,,,,,,,,
#,Ireland Holoflag,3447406366,,Generic_Holoflag.blend,pPlane1,FlagProjector2,,,,,,,,,
#,Rainbow Holoflag,1042028710,,Generic_Holoflag.blend,pPlane1,FlagProjector2,,,,,,,,,
#,Ukraine Holoflag,68277216,,Generic_Holoflag.blend,pPlane1,FlagProjector2,,,,,,,,,
#,Chronogg Holoflag,862329300,,Generic_Holoflag.blend,pPlane1,FlagProjector2,,,,,,,,,
#,Overwolf Holoflag,1020482017,,Generic_Holoflag.blend,pPlane1,FlagProjector2,,,,,,,,,
#,Yogscast Holoflag,4079824960,,Generic_Holoflag.blend,pPlane1,FlagProjector2,,,,,,,,,
#,Alienware Holoflag,2345098755,,Generic_Holoflag.blend,pPlane1,FlagProjector2,,,,,,,,,
#,Argentina Holoflag,354715741,,Generic_Holoflag.blend,pPlane1,FlagProjector2,,,,,,,,,
#,Australia Holoflag,664490215,,Generic_Holoflag.blend,pPlane1,FlagProjector2,,,,,,,,,
#,EasterEgg Holoflag,3131616996,,Generic_Holoflag.blend,pPlane1,FlagProjector2,,,,,,,,,
#,Robocraft Holoflag,1958111892,,Generic_Holoflag.blend,pPlane1,FlagProjector2,,,,,,,,,
#,Snowflake Holoflag,327459709,,Generic_Holoflag.blend,pPlane1,FlagProjector2,,,,,,,,,
#,Candy Cane Holoflag,2412453676,,Generic_Holoflag.blend,pPlane1,FlagProjector2,,,,,,,,,
#,Kazakhstan Holoflag,3330651823,,Generic_Holoflag.blend,pPlane1,FlagProjector2,,,,,,,,,
#,Santa Cray Holoflag,2990880144,,Generic_Holoflag.blend,pPlane1,FlagProjector2,,,,,,,,,
#,Netherlands Holoflag,88051662,,Generic_Holoflag.blend,pPlane1,FlagProjector2,,,,,,,,,
#,New Zealand Holoflag,2855651676,,Generic_Holoflag.blend,pPlane1,FlagProjector2,,,,,,,,,
#,South Korea Holoflag,460733827,,Generic_Holoflag.blend,pPlane1,FlagProjector2,,,,,,,,,
#,Top Hundred Holoflag,757806708,,Generic_Holoflag.blend,pPlane1,FlagProjector2,,,,,,,,,
#,Dev Supporter Holoflag,4200145444,,Generic_Holoflag.blend,pPlane1,FlagProjector2,,,,,,,,,
#,Humble Bundle HoloFlag,3024755361,,Generic_Holoflag.blend,pPlane1,FlagProjector2,,,,,,,,,
#,RoboPass Season 1 Holoflag,3058601525,,Generic_Holoflag.blend,pPlane1,FlagProjector2,,,,,,,,,
#,RoboPass Season 2 Holoflag,3411783298,,Generic_Holoflag.blend,pPlane1,FlagProjector2,,,,,,,,,
#,Gold Dev Supporter Holoflag,3370765914,,Generic_Holoflag.blend,pPlane1,FlagProjector2,,,,,,,,,
#,Able Gamers Charity Holoflag,1607707925,,Generic_Holoflag.blend,pPlane1,FlagProjector2,,,,,,,,,
#,Turkish flag,4070927930,,Generic_Holoflag.blend,pPlane1,FlagProjector2,,,,,,,,,
#,Danish flag,932603502,,Generic_Holoflag.blend,pPlane1,FlagProjector2,,,,,,,,,